{
  "categories": {
    "all": "All",
    "web": "Web",
    "mobile": "Mobile",
    "design": "Design"
  },
  "items": [
    {
      "title": "Personal Responsive Website Template",
      "category": "web",
      "description": "A modern, responsive website template suitable for personal and business websites. Built with the latest HTML5 and CSS3 technologies to ensure excellent display across all types of devices.",
      "image": "./resources/images/projects/Personal_Web_image.png",
      "tags": ["HTML", "CSS", "JavaScript"],
      "links": {
        "github": "https://github.com/tianruilint/tianruilint.github.io.git",
        "demo": "https://tianruilint.github.io/"
      }
    },
    {
      "title": "VGA Snake Game Based on FPGA",
      "category": "design",
      "description": "A VGA Snake game based on FPGA, developed using Verilog. This project demonstrates how to implement a simple graphical interface and user interaction on a hardware platform.",
      "image": "./resources/images/projects/Snake_image.jpg",
      "tags": ["FPGA", "Verilog", "VGA"],
      "links": {
        "github": "https://github.com/tianruilint/Course_Project_SnakePRO",
        "demo": "https://youtu.be/-YxBow8c4Mc"
      }
    },
    {
      "title": "Dual-domain digital signal processing-video enhancement based on MATLAB",
      "category": "design",
      "description": "A dual-domain digital signal processing project based on MATLAB, focused on video enhancement. The project leverages dual-domain techniques to improve video quality, including operations such as denoising and sharpening.",
      "image": "./resources/images/projects/MATLAB_two_domain.png",
      "tags": ["MATLAB", "DSP"],
      "links": {
        "github": "https://github.com/tianruilint/Video_Enhancement_DSP.git",
        "demo": "https://youtu.be/s-xAqbCbOAA"
      }
    }
  ]
}
