[
  {
    "name": "NetEase NASL",
    "percentage": 90,
    "description": "Proficient in NetEase CodeWave intelligent development platform, and can skillfully use the platform to develop high-quality Web applications"
  },
  {
    "name": "Verilog",
    "percentage": 70,
    "description": "Proficient in using Verilog for hardware description and simulation, familiar with FPGA development"
  },
  {
    "name": "Adobe Photoshop",
    "percentage": 80,
    "description": "Proficient in using Photoshop for image processing and design, including image editing, synthesis and design"
  },
  {
    "name": "CapCut",
    "percentage": 80,
    "description": "Proficient in using CapCut for video editing and production, including editing, adding special effects and audio processing"
  },
  {
    "name": "MATLAB",
    "percentage": 75,
    "description": "Proficient in using MATLAB for mathematical modeling, algorithm development, and data analysis"
  },
  {
    "name": "PSIM",
    "percentage": 70,
    "description": "Proficient in using PSIM for circuit simulation and design, including simulation of analog circuits and digital circuits"
  },
  {
    "name": "C",
    "percentage": 75,
    "description": "Proficient in using C language for software development, including system programming and embedded development"
  }
]
