{
  "categories": {
    "campus": "校园经历",
    "work": "工作经历",
    "academic": "学术经历"
  },
  "items": {
    "campus": [
      {
        "title": "轻量型智能听力检测器项目负责人",
        "organization": "澳门科技大学项目组",
        "period": "2022.10 - 2024.5",
        "description": "领导团队: 对健康中国规划报告进行深度解读并选取耳部和听力保健细分市场充分调研, 立项并成功组建14人专业团队, 安排各自分工, 实现轻量型智能听力检测器产品的初步研发。 \n 产品开发: 自主学习Cocos Creator游戏引擎; 独立完成纯音测听检测模块和产品内部的设计并将其与产品方案进行逻辑性对应组合，实现专业测试判断。"
      }
    ],
    "work": [
      {
        "title": "低代码教研实习生",
        "organization": "网易（杭州）网络有限公司",
        "period": "2023.05 - 2023.09",
        "description": "低代码开发: 作为轻舟低代码认证考试出卷人, 独立设计并开发8种平台成品案例并制作对应低代码认证考试试卷。题目覆盖低中高三级认证, 其中7份通过审查并成功上线。累计编写200+道低代码考试客观题, 全面覆盖关键知识点。同时制定相关SOP, 确保出题流程标准化。 \n 考试评卷: 负责认证考试和公司低代码工程师招聘笔试的评卷工作。累计完成300+份试卷评审，保证评分公正准确。在评卷过程中, 成功识别并报告6起答卷抄袭事件, 维护考试公平性。\n教学审查: 基于严格的课程审查规范, 完成1500+分钟低代码教学视频的审查工作。细致收集并分析视频内容问题，编制详细的问题文档和改进建议。积极配合教学团队，推动视频内容的更新迭代和质量提升。"
      },
      {
        "title": "软件实习生",
        "organization": "浙江中控技术股份有限公司",
        "period": "2024.05 - 2024.09",
        "description": "选型管理系统: 作为软件实习生, 负责“仪器仪表选型管理系统”的全面测试、数据库导入脚本开发和操作说明书编写。设计并执行250+功能测试用例，确保系统稳定性; 开发的数据导入脚本提高效率60%; 编写的操作说明书和SOP成为公司标准培训文档。项目成功通过审查并按期上线, 获得项目经理高度评价。 \n 仪器仪表测试: 负责全新雷达物位计和质量流量计产品测试并撰写测试报告。深入学习产品原理, 实地考察生产流程并参与产品生产。编写的两份专业测试报告获研发和质量控制部门认可, 成为产品发布依据。"
      }
    ],
    "academic": [
      {
        "title": "理学学士学位-电子信息工程",
        "organization": "澳门科技大学",
        "period": "2022 - 2026",
        "description": "主修电路CAD、信号与系统、数字电路、电路分析、模拟电路、FPGA系统设计、通讯网络等。"
      },
      {
        "title": "集成电路先进技术暑期学校",
        "organization": "北京大学电子设计自动化研究院",
        "period": "2024 - 2024",
        "description": "围绕器件工艺前沿、数字电路前端EDA、数字电路后端EDA、EDA前沿研究、新计算范式(架构与电路)等多个议题分支展开讨论，深入了解集成电路设计与制造的前沿技术。"
      }
    ]
  }
}
