{
  "categories": {
    "all": "全部",
    "web": "Web",
    "mobile": "移动端",
    "design": "设计"
  },
  "items": [
    {
      "title": "个人响应式网站模板",
      "category": "web",
      "description": "一个现代化的响应式网站模板, 适用于个人和企业网站。采用最新的HTML5和CSS3技术, 确保在各种设备上都有出色的显示效果。",
      "image": "./resources/images/projects/Personal_Web_image.png",
      "tags": ["HTML", "CSS", "JavaScript"],
      "links": {
        "github": "https://github.com/tianruilint/tianruilint.github.io.git",
        "demo": "https://tianruilint.github.io/"
      }
    },
    {
      "title": "基于FPGA的VGA贪吃蛇游戏",
      "category": "design",
      "description": "一个基于FPGA的VGA贪吃蛇游戏, 使用Verilog语言编写。该项目展示了如何在硬件平台上实现简单的图形界面和用户交互。",
      "image": "./resources/images/projects/Snake_image.jpg",
      "tags": ["FPGA", "Verilog", "VGA"],
      "links": {
        "github": "https://github.com/tianruilint/Course_Project_SnakePRO",
        "demo": "https://youtu.be/-YxBow8c4Mc"
      }
    },
    {
      "title": "基于MATLAB的双域数字信号处理-视频增强",
      "category": "design",
      "description": "一个基于MATLAB的双域数字信号处理项目, 专注于视频增强。该项目利用双域技术提升视频质量, 包括去噪和锐化等操作。",
      "image": "./resources/images/projects/MATLAB_two_domain.png",
      "tags": ["MATLAB", "DSP"],
      "links": {
        "github": "https://github.com/tianruilint/Video_Enhancement_DSP.git",
        "demo": "https://youtu.be/s-xAqbCbOAA"
      }
    }
  ]
}
