[
  {
    "name": "网易 NASL",
    "percentage": 90,
    "description": "精通网易CodeWave智能开发平台，可熟练借助该平台开发高质量的Web应用"
  },
  {
    "name": "Verilog",
    "percentage": 70,
    "description": "熟练使用Verilog进行硬件描述和仿真，熟悉FPGA开发"
  },
  {
    "name": "Adobe Photoshop",
    "percentage": 80,
    "description": "熟练使用Photoshop进行图像处理和设计，包括图片编辑、合成和设计"
  },
  {
    "name": "剪映",
    "percentage": 80,
    "description": "熟练使用剪映进行视频编辑和制作，包括剪辑、特效添加和音频处理"
  },
  {
    "name": "MATLAB",
    "percentage": 75,
    "description": "熟练使用MATLAB进行数学建模、算法开发和数据分析"
  },
  {
    "name": "PSIM",
    "percentage": 70,
    "description": "熟练使用PSIM进行电路仿真和设计，包括模拟电路和数字电路的仿真"
  },
  {
    "name": "C",
    "percentage": 75,
    "description": "熟练使用C语言进行软件开发，包括系统编程和嵌入式开发"
  }
]
